	Overlap	RareOnly	CommonOnly	TraitR	TraitC	EFO	Rare_Zr	Rare_Zc	Rare_Zrc	Common_Zr	Common_Zc	Common_Zrc	trait_pair	overlap+rare	Total	overlap+RareZ	overlap+RareCommonZ	R_frac	C_frac
217	0	3	511	34375979_EFO_0004698	GCST90131901_EFO_0004698	EFO_0004698	3	1	1	104	511	119	34375979_EFO_0004698_GCST90131901_EFO_0004698	3	514	1	120	0.3333333333333333	0.2328767123287671
196	1	2	396	36280733_EFO_0004340	GCST90446645_EFO_0004340	EFO_0004340	2	0	1	121	396	145	36280733_EFO_0004340_GCST90446645_EFO_0004340	3	399	2	147	0.5	0.3661616161616162
166	11	3	362	34375979_EFO_0007985	GCST90002400_EFO_0007985	EFO_0007985	3	1	1	104	362	123	34375979_EFO_0007985_GCST90002400_EFO_0007985	14	376	12	135	0.3333333333333333	0.3397790055248619
194	8	21	305	37262146_EFO_0004338	GCST90018949_EFO_0004338	EFO_0004338	21	7	7	89	305	98	37262146_EFO_0004338_GCST90018949_EFO_0004338	29	334	15	113	0.3333333333333333	0.32131147540983607
131	33	284	14	36809768_EFO_0004541	GCST90256420_EFO_0004541	EFO_0004541	284	83	94	3	14	5	36809768_EFO_0004541_GCST90256420_EFO_0004541	317	331	127	132	0.33098591549295775	0.35714285714285715
187	9	48	219	33230300_EFO_0006335	GCST90132903_EFO_0006335	EFO_0006335	48	12	14	59	219	68	33230300_EFO_0006335_GCST90132903_EFO_0006335	57	276	23	91	0.2916666666666667	0.3105022831050228
115	41	146	84	36809768_EFO_0004736	GCST90011899_EFO_0004736	EFO_0004736	146	46	53	18	84	26	36809768_EFO_0004736_GCST90011899_EFO_0004736	187	271	94	120	0.363013698630137	0.30952380952380953
170	6	11	249	34662886_EFO_0007993	GCST90002389_EFO_0007993	EFO_0007993	11	8	8	107	249	120	34662886_EFO_0007993_GCST90002389_EFO_0007993	17	266	14	134	0.7272727272727273	0.4819277108433735
127	4	2	259	34375979_EFO_0007991	GCST90002382_EFO_0007991	EFO_0007991	2	2	2	83	259	100	34375979_EFO_0007991_GCST90002382_EFO_0007991	6	265	6	106	1.0	0.3861003861003861
179	9	67	188	33230300_EFO_0005763	GCST90018970_EFO_0005763	EFO_0005763	67	18	25	56	188	65	33230300_EFO_0005763_GCST90018970_EFO_0005763	76	264	34	99	0.373134328358209	0.34574468085106386
147	6	9	229	34662886_EFO_0007990	GCST90002399_EFO_0007990	EFO_0007990	9	2	4	94	229	109	34662886_EFO_0007990_GCST90002399_EFO_0007990	15	244	10	119	0.4444444444444444	0.4759825327510917
182	8	41	127	33230300_EFO_0006336	GCST90018952_EFO_0006336	EFO_0006336	41	14	20	35	127	44	33230300_EFO_0006336_GCST90018952_EFO_0006336	49	176	28	72	0.4878048780487805	0.3464566929133858
297	0	18	155	34375979_MONDO_0001627	GCST90449022_MONDO_0001627	MONDO_0001627	18	2	2	22	155	29	34375979_MONDO_0001627_GCST90449022_MONDO_0001627	18	173	2	31	0.1111111111111111	0.1870967741935484
237	3	3	148	34662886_EFO_0009819	GCST010989_EFO_0009819	EFO_0009819	3	1	2	23	148	35	34662886_EFO_0009819_GCST010989_EFO_0009819	6	154	5	40	0.6666666666666666	0.23648648648648649
174	7	8	136	34375979_EFO_0004309	GCST004603_EFO_0004309	EFO_0004309	8	5	5	49	136	52	34375979_EFO_0004309_GCST004603_EFO_0004309	15	151	12	64	0.625	0.38235294117647056
161	0	119	6	35982160_EFO_0003756	GCST010643_EFO_0003756	EFO_0003756	119	35	39	4	6	4	35982160_EFO_0003756_GCST010643_EFO_0003756	119	125	39	43	0.3277310924369748	0.6666666666666666
185	1	3	116	34375979_EFO_0004314	GCST90270081_EFO_0004314	EFO_0004314	3	2	2	33	116	41	34375979_EFO_0004314_GCST90270081_EFO_0004314	4	120	3	44	0.6666666666666666	0.35344827586206895
128	8	91	20	36809768_EFO_0022335	GCST90269695_EFO_0022335	EFO_0022335	91	36	43	12	20	13	36809768_EFO_0022335_GCST90269695_EFO_0022335	99	119	51	64	0.4725274725274725	0.65
46	9	100	7	36809768_EFO_0022340	GCST90269685_EFO_0022340	EFO_0022340	100	29	34	3	7	5	36809768_EFO_0022340_GCST90269685_EFO_0022340	109	116	43	48	0.34	0.7142857142857143
105	8	85	19	36809768_EFO_0022239	GCST90269692_EFO_0022239	EFO_0022239	85	35	43	12	19	12	36809768_EFO_0022239_GCST90269692_EFO_0022239	93	112	51	63	0.5058823529411764	0.631578947368421
140	10	88	12	36809768_EFO_0022288	GCST90269729_EFO_0022288	EFO_0022288	88	24	28	6	12	8	36809768_EFO_0022288_GCST90269729_EFO_0022288	98	110	38	46	0.3181818181818182	0.6666666666666666
66	10	80	18	36809768_EFO_0022253	GCST90269693_EFO_0022253	EFO_0022253	80	29	36	11	18	11	36809768_EFO_0022253_GCST90269693_EFO_0022253	90	108	46	57	0.45	0.6111111111111112
213	2	29	76	34375979_EFO_0000537	GCST90446531_EFO_0000537	EFO_0000537	29	9	11	25	76	29	34375979_EFO_0000537_GCST90446531_EFO_0000537	31	107	13	42	0.3793103448275862	0.3815789473684211
236	0	11	96	34244158_MONDO_0005575	GCST90428118_MONDO_0005575	MONDO_0005575	11	4	4	20	96	26	34244158_MONDO_0005575_GCST90428118_MONDO_0005575	11	107	4	30	0.36363636363636365	0.2708333333333333
102	11	81	14	36809768_EFO_0022284	GCST90269694_EFO_0022284	EFO_0022284	81	34	42	8	14	10	36809768_EFO_0022284_GCST90269694_EFO_0022284	92	106	53	63	0.5185185185185185	0.7142857142857143
42	5	9	90	34662886_EFO_0007989	GCST004609_EFO_0007989	EFO_0007989	9	8	8	42	90	47	34662886_EFO_0007989_GCST004609_EFO_0007989	14	104	13	60	0.8888888888888888	0.5222222222222223
124	12	70	20	36809768_EFO_0021900	GCST90269658_EFO_0021900	EFO_0021900	70	28	29	10	20	11	36809768_EFO_0021900_GCST90269658_EFO_0021900	82	102	41	52	0.4142857142857143	0.55
103	14	66	18	36809768_EFO_0022189	GCST90269656_EFO_0022189	EFO_0022189	66	24	29	11	18	12	36809768_EFO_0022189_GCST90269656_EFO_0022189	80	98	43	55	0.4393939393939394	0.6666666666666666
73	15	64	18	36809768_EFO_0022157	GCST90269660_EFO_0022157	EFO_0022157	64	29	33	8	18	11	36809768_EFO_0022157_GCST90269660_EFO_0022157	79	97	48	59	0.515625	0.6111111111111112
49	3	13	80	34375979_EFO_0004570	GCST90018973_EFO_0004570	EFO_0004570	13	11	11	18	80	20	34375979_EFO_0004570_GCST90018973_EFO_0004570	16	96	14	34	0.8461538461538461	0.25
214	0	9	86	34375979_EFO_0000275	GCST90204201_EFO_0000275	EFO_0000275	9	2	3	26	86	31	34375979_EFO_0000275_GCST90204201_EFO_0000275	9	95	3	34	0.3333333333333333	0.36046511627906974
72	10	67	15	36809768_EFO_0022234	GCST90269732_EFO_0022234	EFO_0022234	67	32	34	6	15	7	36809768_EFO_0022234_GCST90269732_EFO_0022234	77	92	44	51	0.5074626865671642	0.4666666666666667
28	10	67	14	36809768_EFO_0022325	GCST90269591_EFO_0022325	EFO_0022325	67	29	34	8	14	9	36809768_EFO_0022325_GCST90269591_EFO_0022325	77	91	44	53	0.5074626865671642	0.6428571428571429
113	10	65	15	36809768_EFO_0022248	GCST90269733_EFO_0022248	EFO_0022248	65	32	35	5	15	8	36809768_EFO_0022248_GCST90269733_EFO_0022248	75	90	45	53	0.5384615384615384	0.5333333333333333
30	10	60	17	36809768_EFO_0022237	GCST90269737_EFO_0022237	EFO_0022237	60	27	33	10	17	11	36809768_EFO_0022237_GCST90269737_EFO_0022237	70	87	43	54	0.55	0.6470588235294118
200	1	11	75	34375979_EFO_0004193	GCST90328132_EFO_0004193	EFO_0004193	11	4	5	26	75	30	34375979_EFO_0004193_GCST90328132_EFO_0004193	12	87	6	36	0.45454545454545453	0.4
88	9	61	15	36809768_EFO_0022229	GCST90269651_EFO_0022229	EFO_0022229	61	34	35	11	15	11	36809768_EFO_0022229_GCST90269651_EFO_0022229	70	85	44	55	0.5737704918032787	0.7333333333333333
136	4	50	29	36809768_EFO_0008589	GCST90301957_EFO_0008589	EFO_0008589	50	21	23	14	29	16	36809768_EFO_0008589_GCST90301957_EFO_0008589	54	83	27	43	0.46	0.5517241379310345
172	2	2	78	34662886_EFO_0007992	GCST90002380_EFO_0007992	EFO_0007992	2	1	1	28	78	31	34662886_EFO_0007992_GCST90002380_EFO_0007992	4	82	3	34	0.5	0.3974358974358974
22	15	58	7	36809768_EFO_0022258	GCST90269683_EFO_0022258	EFO_0022258	58	20	25	6	7	6	36809768_EFO_0022258_GCST90269683_EFO_0022258	73	80	40	46	0.43103448275862066	0.8571428571428571
129	11	48	20	36809768_EFO_0022341	GCST90269705_EFO_0022341	EFO_0022341	48	21	25	14	20	16	36809768_EFO_0022341_GCST90269705_EFO_0022341	59	79	36	52	0.5208333333333334	0.8
106	10	52	17	36809768_EFO_0022287	GCST90269699_EFO_0022287	EFO_0022287	52	23	25	15	17	17	36809768_EFO_0022287_GCST90269699_EFO_0022287	62	79	35	52	0.4807692307692308	1.0
32	9	58	12	36809768_EFO_0022330	GCST90269735_EFO_0022330	EFO_0022330	58	28	33	7	12	7	36809768_EFO_0022330_GCST90269735_EFO_0022330	67	79	42	49	0.5689655172413793	0.5833333333333334
114	10	51	18	36809768_EFO_0022259	GCST90269703_EFO_0022259	EFO_0022259	51	19	25	12	18	13	36809768_EFO_0022259_GCST90269703_EFO_0022259	61	79	35	48	0.49019607843137253	0.7222222222222222
126	11	57	10	36809768_EFO_0022279	GCST90269734_EFO_0022279	EFO_0022279	57	28	29	8	10	9	36809768_EFO_0022279_GCST90269734_EFO_0022279	68	78	40	49	0.5087719298245614	0.9
227	0	3	75	20549515_MONDO_0005148	GCST006867_MONDO_0005148	MONDO_0005148	3	2	3	36	75	40	20549515_MONDO_0005148_GCST006867_MONDO_0005148	3	78	3	43	1.0	0.5333333333333333
54	12	53	12	36809768_EFO_0022312	GCST90269649_EFO_0022312	EFO_0022312	53	24	26	9	12	9	36809768_EFO_0022312_GCST90269649_EFO_0022312	65	77	38	47	0.49056603773584906	0.75
104	7	56	14	36809768_EFO_0022338	GCST90269700_EFO_0022338	EFO_0022338	56	20	23	11	14	12	36809768_EFO_0022338_GCST90269700_EFO_0022338	63	77	30	42	0.4107142857142857	0.8571428571428571
35	12	51	13	36809768_EFO_0022336	GCST90269745_EFO_0022336	EFO_0022336	51	27	33	6	13	7	36809768_EFO_0022336_GCST90269745_EFO_0022336	63	76	45	52	0.6470588235294118	0.5384615384615384
80	15	32	29	36809768_EFO_0010733	GCST90092939_EFO_0010733	EFO_0010733	32	19	20	15	29	15	36809768_EFO_0010733_GCST90092939_EFO_0010733	47	76	35	50	0.625	0.5172413793103449
191	1	31	43	37262146_MONDO_0004975	GCST90301303_MONDO_0004975	MONDO_0004975	31	9	12	24	43	30	37262146_MONDO_0004975_GCST90301303_MONDO_0004975	32	75	13	43	0.3870967741935484	0.6976744186046512
112	14	49	10	36809768_EFO_0022282	GCST90269739_EFO_0022282	EFO_0022282	49	26	29	6	10	7	36809768_EFO_0022282_GCST90269739_EFO_0022282	63	73	43	50	0.5918367346938775	0.7
43	12	50	11	36809768_EFO_0022251	GCST90269738_EFO_0022251	EFO_0022251	50	29	32	6	11	6	36809768_EFO_0022251_GCST90269738_EFO_0022251	62	73	44	50	0.64	0.5454545454545454
120	8	50	15	36809768_EFO_0022333	GCST90269740_EFO_0022333	EFO_0022333	50	29	31	6	15	8	36809768_EFO_0022333_GCST90269740_EFO_0022333	58	73	39	47	0.62	0.5333333333333333
67	11	43	19	36809768_EFO_0022280	GCST90269714_EFO_0022280	EFO_0022280	43	19	22	11	19	13	36809768_EFO_0022280_GCST90269714_EFO_0022280	54	73	33	46	0.5116279069767442	0.6842105263157895
110	9	51	13	36809768_EFO_0022339	GCST90269730_EFO_0022339	EFO_0022339	51	25	28	8	13	9	36809768_EFO_0022339_GCST90269730_EFO_0022339	60	73	37	46	0.5490196078431373	0.6923076923076923
63	11	51	11	36809768_EFO_0022242	GCST90269697_EFO_0022242	EFO_0022242	51	20	23	8	11	10	36809768_EFO_0022242_GCST90269697_EFO_0022242	62	73	34	44	0.45098039215686275	0.9090909090909091
347	0	19	53	34244158_MONDO_0002367	GCST90320054_MONDO_0002367	MONDO_0002367	19	2	2	6	53	7	34244158_MONDO_0002367_GCST90320054_MONDO_0002367	19	72	2	9	0.10526315789473684	0.1320754716981132
76	10	34	27	36809768_EFO_0004732	GCST90092990_EFO_0004732	EFO_0004732	34	18	18	13	27	14	36809768_EFO_0004732_GCST90092990_EFO_0004732	44	71	28	42	0.5294117647058824	0.5185185185185185
158	7	53	11	36809768_EFO_0022235	GCST90269712_EFO_0022235	EFO_0022235	53	24	25	9	11	9	36809768_EFO_0022235_GCST90269712_EFO_0022235	60	71	32	41	0.4716981132075472	0.8181818181818182
97	10	53	7	36809768_EFO_0022273	GCST90269653_EFO_0022273	EFO_0022273	53	22	25	5	7	6	36809768_EFO_0022273_GCST90269653_EFO_0022273	63	70	35	41	0.4716981132075472	0.8571428571428571
167	8	47	15	36809768_EFO_0022285	GCST90269744_EFO_0022285	EFO_0022285	47	24	24	8	15	9	36809768_EFO_0022285_GCST90269744_EFO_0022285	55	70	32	41	0.5106382978723404	0.6
133	13	40	16	36809768_EFO_0022329	GCST90269710_EFO_0022329	EFO_0022329	40	17	22	14	16	15	36809768_EFO_0022329_GCST90269710_EFO_0022329	53	69	35	50	0.55	0.9375
144	5	39	25	36809768_EFO_0022183	GCST90302051_EFO_0022183	EFO_0022183	39	20	20	11	25	13	36809768_EFO_0022183_GCST90302051_EFO_0022183	44	69	25	38	0.5128205128205128	0.52
100	1	6	62	36038634_EFO_0000384	GCST004132_EFO_0000384	EFO_0000384	6	4	4	24	62	31	36038634_EFO_0000384_GCST004132_EFO_0000384	7	69	5	36	0.6666666666666666	0.5
40	10	43	15	36809768_EFO_0022283	GCST90269719_EFO_0022283	EFO_0022283	43	23	28	10	15	12	36809768_EFO_0022283_GCST90269719_EFO_0022283	53	68	38	50	0.6511627906976745	0.8
157	6	4	58	34662886_EFO_0004528	GCST90018965_EFO_0004528	EFO_0004528	4	4	4	17	58	23	34662886_EFO_0004528_GCST90018965_EFO_0004528	10	68	10	33	1.0	0.39655172413793105
89	8	48	11	36809768_EFO_0022286	GCST90269724_EFO_0022286	EFO_0022286	48	27	30	9	11	10	36809768_EFO_0022286_GCST90269724_EFO_0022286	56	67	38	48	0.625	0.9090909090909091
91	12	42	13	36809768_EFO_0022264	GCST90269519_EFO_0022264	EFO_0022264	42	16	21	9	13	10	36809768_EFO_0022264_GCST90269519_EFO_0022264	54	67	33	43	0.5	0.7692307692307693
81	7	36	24	36809768_EFO_0022161	GCST90301981_EFO_0022161	EFO_0022161	36	19	21	10	24	11	36809768_EFO_0022161_GCST90301981_EFO_0022161	43	67	28	39	0.5833333333333334	0.4583333333333333
123	6	37	23	36809768_EFO_0022164	GCST90301983_EFO_0022164	EFO_0022164	37	20	21	10	23	12	36809768_EFO_0022164_GCST90301983_EFO_0022164	43	66	27	39	0.5675675675675675	0.5217391304347826
74	6	32	28	36809768_EFO_0022168	GCST90302097_EFO_0022168	EFO_0022168	32	17	17	13	28	15	36809768_EFO_0022168_GCST90302097_EFO_0022168	38	66	23	38	0.53125	0.5357142857142857
38	16	35	14	36809768_EFO_0021903	GCST90269665_EFO_0021903	EFO_0021903	35	17	19	8	14	9	36809768_EFO_0021903_GCST90269665_EFO_0021903	51	65	35	44	0.5428571428571428	0.6428571428571429
264	2	24	39	34375979_EFO_0004705	GCST90018862_EFO_0004705	EFO_0004705	24	4	6	7	39	8	34375979_EFO_0004705_GCST90018862_EFO_0004705	26	65	8	16	0.25	0.20512820512820512
75	11	40	13	36809768_EFO_0022337	GCST90269725_EFO_0022337	EFO_0022337	40	20	23	11	13	12	36809768_EFO_0022337_GCST90269725_EFO_0022337	51	64	34	46	0.575	0.9230769230769231
116	7	30	27	36809768_EFO_0022176	GCST90302011_EFO_0022176	EFO_0022176	30	15	15	9	27	13	36809768_EFO_0022176_GCST90302011_EFO_0022176	37	64	22	35	0.5	0.48148148148148145
29	13	41	9	36809768_EFO_0022256	GCST90269698_EFO_0022256	EFO_0022256	41	19	21	4	9	6	36809768_EFO_0022256_GCST90269698_EFO_0022256	54	63	34	40	0.5121951219512195	0.6666666666666666
141	4	38	21	36809768_EFO_0022322	GCST90302053_EFO_0022322	EFO_0022322	38	19	21	12	21	14	36809768_EFO_0022322_GCST90302053_EFO_0022322	42	63	25	39	0.5526315789473685	0.6666666666666666
86	7	38	18	36809768_EFO_0022144	GCST90302160_EFO_0022144	EFO_0022144	38	20	21	8	18	8	36809768_EFO_0022144_GCST90302160_EFO_0022144	45	63	28	36	0.5526315789473685	0.4444444444444444
93	10	29	24	36809768_EFO_0022181	GCST90301979_EFO_0022181	EFO_0022181	29	15	16	8	24	9	36809768_EFO_0022181_GCST90301979_EFO_0022181	39	63	26	35	0.5517241379310345	0.375
287	0	23	40	34375979_MONDO_0018364	GCST007728_MONDO_0018364	MONDO_0018364	23	5	5	5	40	7	34375979_MONDO_0018364_GCST007728_MONDO_0018364	23	63	5	12	0.21739130434782608	0.175
59	9	39	14	36809768_EFO_0022228	GCST90269609_EFO_0022228	EFO_0022228	39	22	23	11	14	11	36809768_EFO_0022228_GCST90269609_EFO_0022228	48	62	32	43	0.5897435897435898	0.7857142857142857
70	12	30	20	36809768_EFO_0010226	GCST90092937_EFO_0010226	EFO_0010226	30	16	18	9	20	9	36809768_EFO_0010226_GCST90092937_EFO_0010226	42	62	30	39	0.6	0.45
118	9	36	17	36809768_EFO_0022149	GCST90301985_EFO_0022149	EFO_0022149	36	17	20	9	17	10	36809768_EFO_0022149_GCST90301985_EFO_0022149	45	62	29	39	0.5555555555555556	0.5882352941176471
94	12	33	16	36809768_EFO_0022233	GCST90269707_EFO_0022233	EFO_0022233	33	18	21	10	16	12	36809768_EFO_0022233_GCST90269707_EFO_0022233	45	61	33	45	0.6363636363636364	0.75
154	8	42	11	36809768_EFO_0022331	GCST90269715_EFO_0022331	EFO_0022331	42	22	25	9	11	11	36809768_EFO_0022331_GCST90269715_EFO_0022331	50	61	33	44	0.5952380952380952	1.0
45	8	37	15	36809768_EFO_0022275	GCST90269618_EFO_0022275	EFO_0022275	37	24	24	9	15	9	36809768_EFO_0022275_GCST90269618_EFO_0022275	45	60	32	41	0.6486486486486487	0.6
25	12	44	4	36809768_EFO_0022250	GCST90269688_EFO_0022250	EFO_0022250	44	22	22	1	4	2	36809768_EFO_0022250_GCST90269688_EFO_0022250	56	60	34	36	0.5	0.5
78	6	42	11	36809768_EFO_0022317	GCST90269507_EFO_0022317	EFO_0022317	42	24	27	9	11	9	36809768_EFO_0022317_GCST90269507_EFO_0022317	48	59	33	42	0.6428571428571429	0.8181818181818182
149	6	42	11	36809768_EFO_0022240	GCST90269742_EFO_0022240	EFO_0022240	42	24	26	9	11	10	36809768_EFO_0022240_GCST90269742_EFO_0022240	48	59	32	42	0.6190476190476191	0.9090909090909091
64	14	31	14	36809768_EFO_0022267	GCST90269667_EFO_0022267	EFO_0022267	31	15	17	9	14	9	36809768_EFO_0022267_GCST90269667_EFO_0022267	45	59	31	40	0.5483870967741935	0.6428571428571429
143	4	40	15	36809768_EFO_0022319	GCST90269633_EFO_0022319	EFO_0022319	40	23	25	9	15	9	36809768_EFO_0022319_GCST90269633_EFO_0022319	44	59	29	38	0.625	0.6
107	6	40	12	36809768_EFO_0022148	GCST90269607_EFO_0022148	EFO_0022148	40	20	23	7	12	7	36809768_EFO_0022148_GCST90269607_EFO_0022148	46	58	29	36	0.575	0.5833333333333334
108	6	27	25	36809768_EFO_0022174	GCST90302015_EFO_0022174	EFO_0022174	27	13	13	12	25	13	36809768_EFO_0022174_GCST90302015_EFO_0022174	33	58	19	32	0.48148148148148145	0.52
222	0	43	15	34375979_MONDO_0005041	GCST90018852_MONDO_0005041	MONDO_0005041	43	9	13	4	15	5	34375979_MONDO_0005041_GCST90018852_MONDO_0005041	43	58	13	18	0.3023255813953488	0.3333333333333333
121	9	37	11	36809768_EFO_0022180	GCST90269635_EFO_0022180	EFO_0022180	37	20	22	9	11	10	36809768_EFO_0022180_GCST90269635_EFO_0022180	46	57	31	41	0.5945945945945946	0.9090909090909091
61	7	34	16	36809768_EFO_0022156	GCST90269614_EFO_0022156	EFO_0022156	34	22	22	12	16	12	36809768_EFO_0022156_GCST90269614_EFO_0022156	41	57	29	41	0.6470588235294118	0.75
19	6	35	16	36809768_EFO_0022299	GCST90269587_EFO_0022299	EFO_0022299	35	22	25	10	16	10	36809768_EFO_0022299_GCST90269587_EFO_0022299	41	57	31	41	0.7142857142857143	0.625
57	11	33	13	36809768_EFO_0022247	GCST90269708_EFO_0022247	EFO_0022247	33	17	18	7	13	9	36809768_EFO_0022247_GCST90269708_EFO_0022247	44	57	29	38	0.5454545454545454	0.6923076923076923
111	5	26	26	36809768_EFO_0022268	GCST90302047_EFO_0022268	EFO_0022268	26	12	12	11	26	15	36809768_EFO_0022268_GCST90302047_EFO_0022268	31	57	17	32	0.46153846153846156	0.5769230769230769
239	2	31	24	34375979_EFO_0003884	GCST008064_EFO_0003884	EFO_0003884	31	4	4	7	24	11	34375979_EFO_0003884_GCST008064_EFO_0003884	33	57	6	17	0.12903225806451613	0.4583333333333333
12	10	31	15	36809768_EFO_0022265	GCST90269597_EFO_0022265	EFO_0022265	31	19	23	9	15	9	36809768_EFO_0022265_GCST90269597_EFO_0022265	41	56	33	42	0.7419354838709677	0.6
69	9	34	13	36809768_EFO_0022300	GCST90269615_EFO_0022300	EFO_0022300	34	22	24	8	13	9	36809768_EFO_0022300_GCST90269615_EFO_0022300	43	56	33	42	0.7058823529411765	0.6923076923076923
134	10	37	9	36809768_EFO_0022334	GCST90269720_EFO_0022334	EFO_0022334	37	21	23	8	9	8	36809768_EFO_0022334_GCST90269720_EFO_0022334	47	56	33	41	0.6216216216216216	0.8888888888888888
90	5	37	14	36809768_EFO_0022276	GCST90269517_EFO_0022276	EFO_0022276	37	22	23	8	14	8	36809768_EFO_0022276_GCST90269517_EFO_0022276	42	56	28	36	0.6216216216216216	0.5714285714285714
96	10	31	14	36809768_EFO_0022310	GCST90269663_EFO_0022310	EFO_0022310	31	15	17	9	14	9	36809768_EFO_0022310_GCST90269663_EFO_0022310	41	55	27	36	0.5483870967741935	0.6428571428571429
150	5	45	5	36809768_EFO_0022226	GCST90269672_EFO_0022226	EFO_0022226	45	25	25	2	5	3	36809768_EFO_0022226_GCST90269672_EFO_0022226	50	55	30	33	0.5555555555555556	0.6
85	9	32	13	36809768_EFO_0022231	GCST90269616_EFO_0022231	EFO_0022231	32	19	19	10	13	10	36809768_EFO_0022231_GCST90269616_EFO_0022231	41	54	28	38	0.59375	0.7692307692307693
21	5	35	14	36809768_EFO_0022230	GCST90269588_EFO_0022230	EFO_0022230	35	22	24	9	14	9	36809768_EFO_0022230_GCST90269588_EFO_0022230	40	54	29	38	0.6857142857142857	0.6428571428571429
55	8	32	14	36809768_EFO_0022323	GCST90269647_EFO_0022323	EFO_0022323	32	18	21	8	14	8	36809768_EFO_0022323_GCST90269647_EFO_0022323	40	54	29	37	0.65625	0.5714285714285714
33	7	33	14	36809768_EFO_0022274	GCST90269590_EFO_0022274	EFO_0022274	33	20	21	8	14	9	36809768_EFO_0022274_GCST90269590_EFO_0022274	40	54	28	37	0.6363636363636364	0.6428571428571429
62	11	30	13	36809768_EFO_0022293	GCST90269511_EFO_0022293	EFO_0022293	30	14	18	7	13	7	36809768_EFO_0022293_GCST90269511_EFO_0022293	41	54	29	36	0.6	0.5384615384615384
58	9	33	11	36809768_EFO_0022290	GCST90269704_EFO_0022290	EFO_0022290	33	17	19	6	11	7	36809768_EFO_0022290_GCST90269704_EFO_0022290	42	53	28	35	0.5757575757575758	0.6363636363636364
26	8	32	13	36809768_EFO_0021902	GCST90269595_EFO_0021902	EFO_0021902	32	18	20	8	13	7	36809768_EFO_0021902_GCST90269595_EFO_0021902	40	53	28	35	0.625	0.5384615384615384
13	8	30	14	36809768_EFO_0022175	GCST90269593_EFO_0022175	EFO_0022175	30	21	24	9	14	9	36809768_EFO_0022175_GCST90269593_EFO_0022175	38	52	32	41	0.8	0.6428571428571429
34	7	30	15	36809768_EFO_0022313	GCST90269586_EFO_0022313	EFO_0022313	30	18	20	9	15	10	36809768_EFO_0022313_GCST90269586_EFO_0022313	37	52	27	37	0.6666666666666666	0.6666666666666666
48	8	33	11	36809768_EFO_0022153	GCST90269600_EFO_0022153	EFO_0022153	33	17	19	8	11	8	36809768_EFO_0022153_GCST90269600_EFO_0022153	41	52	27	35	0.5757575757575758	0.7272727272727273
31	8	32	12	36809768_EFO_0022269	GCST90269604_EFO_0022269	EFO_0022269	32	18	18	8	12	8	36809768_EFO_0022269_GCST90269604_EFO_0022269	40	52	26	34	0.5625	0.6666666666666666
155	4	44	4	36809768_EFO_0022311	GCST90269670_EFO_0022311	EFO_0022311	44	22	24	4	4	4	36809768_EFO_0022311_GCST90269670_EFO_0022311	48	52	28	32	0.5454545454545454	1.0
50	7	10	34	31367044_EFO_0005110	GCST90092987_EFO_0005110	EFO_0005110	10	8	8	22	34	22	31367044_EFO_0005110_GCST90092987_EFO_0005110	17	51	15	37	0.8	0.6470588235294118
56	10	32	9	36809768_EFO_0022272	GCST90269611_EFO_0022272	EFO_0022272	32	15	16	6	9	7	36809768_EFO_0022272_GCST90269611_EFO_0022272	42	51	26	33	0.5	0.7777777777777778
145	6	34	11	36809768_EFO_0022297	GCST90269643_EFO_0022297	EFO_0022297	34	14	16	7	11	8	36809768_EFO_0022297_GCST90269643_EFO_0022297	40	51	22	30	0.47058823529411764	0.7272727272727273
44	7	32	11	36809768_EFO_0022302	GCST90269555_EFO_0022302	EFO_0022302	32	17	20	8	11	8	36809768_EFO_0022302_GCST90269555_EFO_0022302	39	50	27	35	0.625	0.7272727272727273
15	13	32	5	36809768_EFO_0022236	GCST90269687_EFO_0022236	EFO_0022236	32	16	18	1	5	3	36809768_EFO_0022236_GCST90269687_EFO_0022236	45	50	31	34	0.5625	0.6
148	9	29	11	36809768_EFO_0021899	GCST90269623_EFO_0021899	EFO_0021899	29	18	20	6	11	7	36809768_EFO_0021899_GCST90269623_EFO_0021899	38	49	29	36	0.6896551724137931	0.6363636363636364
79	7	36	5	36809768_EFO_0022289	GCST90269684_EFO_0022289	EFO_0022289	36	16	18	2	5	3	36809768_EFO_0022289_GCST90269684_EFO_0022289	43	48	25	28	0.5	0.6
139	2	41	5	34375979_EFO_0004274	GCST90455679_EFO_0004274	EFO_0004274	41	13	14	3	5	3	34375979_EFO_0004274_GCST90455679_EFO_0004274	43	48	16	19	0.34146341463414637	0.6
99	4	33	10	36809768_EFO_0022304	GCST90269545_EFO_0022304	EFO_0022304	33	23	26	6	10	6	36809768_EFO_0022304_GCST90269545_EFO_0022304	37	47	30	36	0.7878787878787878	0.6
122	3	37	7	36809768_EFO_0022278	GCST90269709_EFO_0022278	EFO_0022278	37	20	24	6	7	7	36809768_EFO_0022278_GCST90269709_EFO_0022278	40	47	27	34	0.6486486486486487	1.0
135	5	29	13	36809768_EFO_0022163	GCST90269628_EFO_0022163	EFO_0022163	29	13	15	10	13	11	36809768_EFO_0022163_GCST90269628_EFO_0022163	34	47	20	31	0.5172413793103449	0.8461538461538461
289	0	44	3	34375979_EFO_0000400	GCST90043627_EFO_0000400	EFO_0000400	44	8	12	2	3	2	34375979_EFO_0000400_GCST90043627_EFO_0000400	44	47	12	14	0.2727272727272727	0.6666666666666666
337	0	15	32	34375979_MONDO_0005180	GCST010991_MONDO_0005180	MONDO_0005180	15	2	4	6	32	7	34375979_MONDO_0005180_GCST010991_MONDO_0005180	15	47	4	11	0.26666666666666666	0.21875
60	8	31	7	36809768_EFO_0022255	GCST90269723_EFO_0022255	EFO_0022255	31	17	19	6	7	6	36809768_EFO_0022255_GCST90269723_EFO_0022255	39	46	27	33	0.6129032258064516	0.8571428571428571
84	6	33	7	36809768_EFO_0022254	GCST90269743_EFO_0022254	EFO_0022254	33	17	21	5	7	5	36809768_EFO_0022254_GCST90269743_EFO_0022254	39	46	27	32	0.6363636363636364	0.7142857142857143
14	9	30	6	36809768_EFO_0022252	GCST90269718_EFO_0022252	EFO_0022252	30	17	19	5	6	5	36809768_EFO_0022252_GCST90269718_EFO_0022252	39	45	28	33	0.6333333333333333	0.8333333333333334
82	7	29	9	36809768_EFO_0022249	GCST90269713_EFO_0022249	EFO_0022249	29	17	17	7	9	8	36809768_EFO_0022249_GCST90269713_EFO_0022249	36	45	24	32	0.5862068965517241	0.8888888888888888
245	1	3	41	36138231_MONDO_0004979	GCST009798_MONDO_0004979	MONDO_0004979	3	0	0	9	41	18	36138231_MONDO_0004979_GCST009798_MONDO_0004979	4	45	1	19	0.0	0.43902439024390244
83	10	26	8	36809768_EFO_0022281	GCST90269689_EFO_0022281	EFO_0022281	26	14	17	5	8	6	36809768_EFO_0022281_GCST90269689_EFO_0022281	36	44	27	33	0.6538461538461539	0.75
71	7	31	6	36809768_EFO_0022303	GCST90269550_EFO_0022303	EFO_0022303	31	15	19	4	6	4	36809768_EFO_0022303_GCST90269550_EFO_0022303	38	44	26	30	0.6129032258064516	0.6666666666666666
119	7	24	13	36809768_EFO_0022225	GCST90269602_EFO_0022225	EFO_0022225	24	13	14	7	13	9	36809768_EFO_0022225_GCST90269602_EFO_0022225	31	44	21	30	0.5833333333333334	0.6923076923076923
51	10	27	7	36809768_EFO_0022332	GCST90269690_EFO_0022332	EFO_0022332	27	16	16	1	7	3	36809768_EFO_0022332_GCST90269690_EFO_0022332	37	44	26	29	0.5925925925925926	0.42857142857142855
109	4	19	21	31367044_EFO_0010815	GCST90302074_EFO_0010815	EFO_0010815	19	11	12	9	21	11	31367044_EFO_0010815_GCST90302074_EFO_0010815	23	44	16	27	0.631578947368421	0.5238095238095238
17	6	32	6	34226706_EFO_0004587	GCST90025984_EFO_0004587	EFO_0004587	32	14	16	2	6	3	34226706_EFO_0004587_GCST90025984_EFO_0004587	38	44	22	25	0.5	0.5
160	1	41	2	37262146_EFO_0004627	GCST90102623_EFO_0004627	EFO_0004627	41	13	16	2	2	2	37262146_EFO_0004627_GCST90102623_EFO_0004627	42	44	17	19	0.3902439024390244	1.0
258	0	14	30	34375979_EFO_0004253	GCST90428893_EFO_0004253	EFO_0004253	14	4	4	6	30	7	34375979_EFO_0004253_GCST90428893_EFO_0004253	14	44	4	11	0.2857142857142857	0.23333333333333334
146	2	4	37	31367044_EFO_0010116	GCST90092812_EFO_0010116	EFO_0010116	4	1	3	19	37	24	31367044_EFO_0010116_GCST90092812_EFO_0010116	6	43	5	29	0.75	0.6486486486486487
243	1	24	18	34375979_EFO_0003913	GCST90446533_EFO_0003913	EFO_0003913	24	5	6	9	18	10	34375979_EFO_0003913_GCST90446533_EFO_0003913	25	43	7	17	0.25	0.5555555555555556
205	3	25	14	34375979_EFO_0000756	GCST004142_EFO_0000756	EFO_0000756	25	8	11	9	14	9	34375979_EFO_0000756_GCST004142_EFO_0000756	28	42	14	23	0.44	0.6428571428571429
142	2	10	30	31367044_EFO_0008595	GCST90301982_EFO_0008595	EFO_0008595	10	4	6	13	30	13	31367044_EFO_0008595_GCST90301982_EFO_0008595	12	42	8	21	0.6	0.43333333333333335
219	0	30	12	34375979_HP_0100790	GCST90245894_HP_0100790	HP_0100790	30	10	12	4	12	6	34375979_HP_0100790_GCST90245894_HP_0100790	30	42	12	18	0.4	0.5
225	1	9	32	37262146_EFO_0007800	GCST007064_EFO_0007800	EFO_0007800	9	2	2	8	32	11	37262146_EFO_0007800_GCST007064_EFO_0007800	10	42	3	14	0.2222222222222222	0.34375
92	4	29	8	36809768_EFO_0022257	GCST90269728_EFO_0022257	EFO_0022257	29	19	21	6	8	6	36809768_EFO_0022257_GCST90269728_EFO_0022257	33	41	25	31	0.7241379310344828	0.75
41	7	27	7	34662886_EFO_0010701	GCST90025975_EFO_0010701	EFO_0010701	27	10	11	1	7	3	34662886_EFO_0010701_GCST90025975_EFO_0010701	34	41	18	21	0.4074074074074074	0.42857142857142855
290	0	20	21	34375979_EFO_0008406	GCST005005_EFO_0008406	EFO_0008406	20	8	9	5	21	7	34375979_EFO_0008406_GCST005005_EFO_0008406	20	41	9	16	0.45	0.3333333333333333
288	0	36	5	34375979_EFO_0008561	GCST90140994_EFO_0008561	EFO_0008561	36	6	7	1	5	1	34375979_EFO_0008561_GCST90140994_EFO_0008561	36	41	7	8	0.19444444444444445	0.2
117	5	28	7	36809768_EFO_0022270	GCST90269674_EFO_0022270	EFO_0022270	28	14	17	5	7	6	36809768_EFO_0022270_GCST90269674_EFO_0022270	33	40	22	28	0.6071428571428571	0.8571428571428571
125	6	28	6	36809768_EFO_0022243	GCST90269727_EFO_0022243	EFO_0022243	28	15	16	5	6	5	36809768_EFO_0022243_GCST90269727_EFO_0022243	34	40	22	27	0.5714285714285714	0.8333333333333334
329	0	26	14	34375979_EFO_0004607	GCST90270932_EFO_0004607	EFO_0004607	26	4	6	1	14	1	34375979_EFO_0004607_GCST90270932_EFO_0004607	26	40	6	7	0.23076923076923078	0.07142857142857142
175	3	30	6	34226706_EFO_0004532	GCST90025966_EFO_0004532	EFO_0004532	30	10	11	4	6	4	34226706_EFO_0004532_GCST90025966_EFO_0004532	33	39	14	18	0.36666666666666664	0.6666666666666666
189	2	13	23	36809768_EFO_0010114	GCST90092813_EFO_0010114	EFO_0010114	13	5	6	8	23	8	36809768_EFO_0010114_GCST90092813_EFO_0010114	15	38	8	16	0.46153846153846156	0.34782608695652173
221	0	35	3	34375979_HP_0000023	GCST90086087_HP_0000023	HP_0000023	35	9	12	0	3	0	34375979_HP_0000023_GCST90086087_HP_0000023	35	38	12	12	0.34285714285714286	0.0
349	0	13	25	34375979_EFO_0004213	GCST90129575_EFO_0004213	EFO_0004213	13	2	2	2	25	2	34375979_EFO_0004213_GCST90129575_EFO_0004213	13	38	2	4	0.15384615384615385	0.08
235	0	16	21	34375979_EFO_0007167	GCST011354_EFO_0007167	EFO_0007167	16	3	3	5	21	8	34375979_EFO_0007167_GCST011354_EFO_0007167	16	37	3	11	0.1875	0.38095238095238093
340	0	33	4	34375979_EFO_0000555	GCST006304_EFO_0000555	EFO_0000555	33	4	8	0	4	0	34375979_EFO_0000555_GCST006304_EFO_0000555	33	37	8	8	0.24242424242424243	0.0
343	0	27	10	34375979_MONDO_0002253	GCST012616_MONDO_0002253	MONDO_0002253	2	1	0	2	10	2	34375979_MONDO_0002253_GCST012616_MONDO_0002253	27	37	0	2	0.0	0.2
5	14	15	7	34662886_EFO_0007986	GCST90025972_EFO_0007986	EFO_0007986	15	9	9	4	7	4	34662886_EFO_0007986_GCST90025972_EFO_0007986	29	36	23	27	0.6	0.5714285714285714
152	1	3	32	24507775_EFO_0001645	GCST90446534_EFO_0001645	EFO_0001645	3	3	3	14	32	14	24507775_EFO_0001645_GCST90446534_EFO_0001645	4	36	4	18	1.0	0.4375
336	0	12	24	34375979_EFO_0008404	GCST005003_EFO_0008404	EFO_0008404	12	1	1	7	24	10	34375979_EFO_0008404_GCST005003_EFO_0008404	12	36	1	11	0.08333333333333333	0.4166666666666667
95	10	19	6	36809768_EFO_0022271	GCST90269646_EFO_0022271	EFO_0022271	19	9	11	3	6	4	36809768_EFO_0022271_GCST90269646_EFO_0022271	29	35	21	25	0.5789473684210527	0.6666666666666666
24	9	19	7	36138231_EFO_0009188	GCST90025988_EFO_0009188	EFO_0009188	19	7	8	4	7	4	36138231_EFO_0009188_GCST90025988_EFO_0009188	28	35	17	21	0.42105263157894735	0.5714285714285714
242	0	13	22	34375979_MONDO_0005178	GCST007093_MONDO_0005178	MONDO_0005178	13	4	7	5	22	6	34375979_MONDO_0005178_GCST007093_MONDO_0005178	13	35	7	13	0.5384615384615384	0.2727272727272727
244	0	5	30	31748686_MONDO_0008315	GCST90018905_MONDO_0008315	MONDO_0008315	5	1	1	7	30	7	31748686_MONDO_0008315_GCST90018905_MONDO_0008315	5	35	1	8	0.2	0.23333333333333334
281	0	28	7	34375979_EFO_0003144	GCST009541_EFO_0003144	EFO_0003144	28	5	6	2	7	2	34375979_EFO_0003144_GCST009541_EFO_0003144	28	35	6	8	0.21428571428571427	0.2857142857142857
351	0	27	8	34375979_EFO_0009454	GCST90270931_EFO_0009454	EFO_0009454	27	2	6	0	8	1	34375979_EFO_0009454_GCST90270931_EFO_0009454	27	35	6	7	0.2222222222222222	0.125
6	11	13	10	36138231_EFO_0007984	GCST90025961_EFO_0007984	EFO_0007984	13	5	7	7	10	7	36138231_EFO_0007984_GCST90025961_EFO_0007984	24	34	18	25	0.5384615384615384	0.7
65	4	3	27	36564505_EFO_0004611	GCST90239612_EFO_0004611	EFO_0004611	3	1	2	12	27	14	36564505_EFO_0004611_GCST90239612_EFO_0004611	7	34	6	20	0.6666666666666666	0.5185185185185185
181	3	24	7	36809768_EFO_0010732	GCST90269556_EFO_0010732	EFO_0010732	24	10	11	4	7	4	36809768_EFO_0010732_GCST90269556_EFO_0010732	27	34	14	18	0.4583333333333333	0.5714285714285714
176	2	20	12	34226706_EFO_0004509	GCST90012210_EFO_0004509	EFO_0004509	20	5	7	6	12	6	34226706_EFO_0004509_GCST90012210_EFO_0004509	22	34	9	15	0.35	0.5
3	14	11	8	34662886_EFO_0007805	GCST90025956_EFO_0007805	EFO_0007805	11	9	9	3	8	3	34662886_EFO_0007805_GCST90025956_EFO_0007805	25	33	23	26	0.8181818181818182	0.375
20	6	10	17	31367044_EFO_0004614	GCST90025955_EFO_0004614	EFO_0004614	10	5	6	11	17	14	31367044_EFO_0004614_GCST90025955_EFO_0004614	16	33	12	26	0.6	0.8235294117647058
348	0	16	17	34375979_EFO_0008418	GCST005020_EFO_0008418	EFO_0008418	16	3	3	2	17	5	34375979_EFO_0008418_GCST005020_EFO_0008418	16	33	3	8	0.1875	0.29411764705882354
259	0	19	14	34375979_MONDO_0005277	GCST003986_MONDO_0005277	MONDO_0005277	19	3	3	3	14	4	34375979_MONDO_0005277_GCST003986_MONDO_0005277	19	33	3	7	0.15789473684210525	0.2857142857142857
285	0	28	5	34375979_HP_0002015	GCST002995_HP_0002015	HP_0002015	28	2	6	1	5	1	34375979_HP_0002015_GCST002995_HP_0002015	28	33	6	7	0.21428571428571427	0.2
77	3	6	23	37262146_EFO_0004799	GCST90018819_EFO_0004799	EFO_0004799	6	3	3	9	23	10	37262146_EFO_0004799_GCST90018819_EFO_0004799	9	32	6	16	0.5	0.43478260869565216
320	0	20	12	34375979_EFO_0004255	GCST90258619_EFO_0004255	EFO_0004255	20	4	5	1	12	2	34375979_EFO_0004255_GCST90258619_EFO_0004255	20	32	5	7	0.25	0.16666666666666666
173	0	5	26	20549515_EFO_0000685	GCST90131437_EFO_0000685	EFO_0000685	5	2	2	14	26	16	20549515_EFO_0000685_GCST90131437_EFO_0000685	5	31	2	18	0.4	0.6153846153846154
234	0	22	9	34375979_EFO_0004143	GCST007581_EFO_0004143	EFO_0004143	22	4	4	5	9	5	34375979_EFO_0004143_GCST007581_EFO_0004143	22	31	4	9	0.18181818181818182	0.5555555555555556
277	0	14	17	34375979_EFO_0008414	GCST005016_EFO_0008414	EFO_0008414	14	2	3	5	17	6	34375979_EFO_0008414_GCST005016_EFO_0008414	14	31	3	9	0.21428571428571427	0.35294117647058826
267	0	6	25	34375979_EFO_0006812	GCST90454273_EFO_0006812	EFO_0006812	6	3	3	5	25	5	34375979_EFO_0006812_GCST90454273_EFO_0006812	6	31	3	8	0.5	0.2
301	0	8	23	34375979_EFO_0001068	GCST010725_EFO_0001068	EFO_0001068	8	2	2	3	23	4	34375979_EFO_0001068_GCST010725_EFO_0001068	8	31	2	6	0.25	0.17391304347826086
178	1	4	25	25187575_EFO_0000319	GCST90446535_EFO_0000319	EFO_0000319	4	3	3	11	25	15	25187575_EFO_0000319_GCST90446535_EFO_0000319	5	30	4	19	0.75	0.6
177	0	27	3	36809768_EFO_0005680	GCST003236_EFO_0005680	EFO_0005680	27	9	10	2	3	2	36809768_EFO_0005680_GCST003236_EFO_0005680	27	30	10	12	0.37037037037037035	0.6666666666666666
226	0	21	9	34375979_HP_0001082	GCST90018818_HP_0001082	HP_0001082	21	5	7	3	9	5	34375979_HP_0001082_GCST90018818_HP_0001082	21	30	7	12	0.3333333333333333	0.5555555555555556
198	1	20	9	34375979_EFO_0000571	GCST012201_EFO_0000571	EFO_0000571	20	5	7	3	9	3	34375979_EFO_0000571_GCST012201_EFO_0000571	21	30	8	11	0.35	0.3333333333333333
275	0	15	15	34375979_HP_0002315	GCST005337_HP_0002315	HP_0002315	15	2	6	4	15	5	34375979_HP_0002315_GCST005337_HP_0002315	15	30	6	11	0.4	0.3333333333333333
218	0	25	5	34375979_EFO_0000474	GCST012370_EFO_0000474	EFO_0000474	25	6	6	3	5	3	34375979_EFO_0000474_GCST012370_EFO_0000474	25	30	6	9	0.24	0.6
247	0	13	17	34375979_EFO_0003894	GCST90245818_EFO_0003894	EFO_0003894	13	3	4	5	17	5	34375979_EFO_0003894_GCST90245818_EFO_0003894	13	30	4	9	0.3076923076923077	0.29411764705882354
36	6	14	9	34662886_EFO_0004617	GCST90025945_EFO_0004617	EFO_0004617	14	10	10	3	9	5	34662886_EFO_0004617_GCST90025945_EFO_0004617	20	29	16	21	0.7142857142857143	0.5555555555555556
208	0	6	23	34375979_EFO_0004207	GCST001712_EFO_0004207	EFO_0004207	6	3	3	6	23	8	34375979_EFO_0004207_GCST001712_EFO_0004207	6	29	3	11	0.5	0.34782608695652173
300	0	25	4	34375979_HP_0001537	GCST90027170_HP_0001537	HP_0001537	25	3	5	0	4	1	34375979_HP_0001537_GCST90027170_HP_0001537	25	29	5	6	0.2	0.25
233	0	24	5	34375979_MONDO_0005090	GCST003880_MONDO_0005090	MONDO_0005090	24	3	4	0	5	0	34375979_MONDO_0005090_GCST003880_MONDO_0005090	24	29	4	4	0.16666666666666666	0.0
183	1	3	24	34662886_MONDO_0007254	GCST90027052_MONDO_0007254	MONDO_0007254	3	3	3	10	24	10	34662886_MONDO_0007254_GCST90027052_MONDO_0007254	4	28	4	14	1.0	0.4166666666666667
229	0	19	9	34375979_EFO_0000266	GCST90276156_EFO_0000266	EFO_0000266	19	8	9	3	9	5	34375979_EFO_0000266_GCST90276156_EFO_0000266	19	28	9	14	0.47368421052631576	0.5555555555555556
151	2	24	2	34375979_EFO_0004527	GCST000504_EFO_0004527	EFO_0004527	24	11	11	0	2	0	34375979_EFO_0004527_GCST000504_EFO_0004527	26	28	13	13	0.4583333333333333	0.0
204	0	8	20	29273807_EFO_0001073	GCST009382_EFO_0001073	EFO_0001073	8	4	4	8	20	8	29273807_EFO_0001073_GCST009382_EFO_0001073	8	28	4	12	0.5	0.4
276	0	24	4	34375979_MONDO_0019338	GCST90018918_MONDO_0019338	MONDO_0019338	24	4	6	1	4	2	34375979_MONDO_0019338_GCST90018918_MONDO_0019338	24	28	6	8	0.25	0.5
335	0	20	8	34375979_EFO_0001663	GCST006083_EFO_0001663	EFO_0001663	20	5	6	2	8	2	34375979_EFO_0001663_GCST006083_EFO_0001663	20	28	6	8	0.3	0.25
186	4	17	6	36809768_EFO_0022238	GCST90269717_EFO_0022238	EFO_0022238	17	13	13	3	6	3	36809768_EFO_0022238_GCST90269717_EFO_0022238	21	27	17	20	0.7647058823529411	0.5
207	0	24	3	34375979_EFO_0001060	GCST000157_EFO_0001060	EFO_0001060	24	6	9	1	3	2	34375979_EFO_0001060_GCST000157_EFO_0001060	24	27	9	11	0.375	0.6666666666666666
201	0	3	24	34375979_HP_0000545	GCST003997_HP_0000545	HP_0000545	3	1	1	3	24	7	34375979_HP_0000545_GCST003997_HP_0000545	3	27	1	8	0.3333333333333333	0.2916666666666667
215	0	6	21	34375979_EFO_0008401	GCST005001_EFO_0008401	EFO_0008401	6	2	2	4	21	4	34375979_EFO_0008401_GCST005001_EFO_0008401	6	27	2	6	0.3333333333333333	0.19047619047619047
261	0	20	7	34375979_HP_0000964	GCST009718_HP_0000964	HP_0000964	20	1	3	1	7	1	34375979_HP_0000964_GCST009718_HP_0000964	20	27	3	4	0.15	0.14285714285714285
328	0	23	4	34375979_EFO_0000217	GCST002638_EFO_0000217	EFO_0000217	23	2	4	0	4	0	34375979_EFO_0000217_GCST002638_EFO_0000217	23	27	4	4	0.17391304347826086	0.0
346	0	14	13	34375979_HP_0000486	GCST009247_HP_0000486	HP_0000486	14	0	1	1	13	2	34375979_HP_0000486_GCST009247_HP_0000486	14	27	1	3	0.07142857142857142	0.15384615384615385
344	0	23	4	34375979_EFO_1000652	GCST90255375_EFO_1000652	EFO_1000652	23	2	2	0	4	0	34375979_EFO_1000652_GCST90255375_EFO_1000652	23	27	2	2	0.08695652173913043	0.0
249	0	11	15	34375979_EFO_0000649	GCST002126_EFO_0000649	EFO_0000649	11	3	5	5	15	6	34375979_EFO_0000649_GCST002126_EFO_0000649	11	26	5	11	0.45454545454545453	0.4
223	0	8	18	34375979_HP_0000360	GCST90428112_HP_0000360	HP_0000360	8	2	2	5	18	5	34375979_HP_0000360_GCST90428112_HP_0000360	8	26	2	7	0.25	0.2777777777777778
294	0	21	5	34375979_EFO_1000391	GCST90269790_EFO_1000391	EFO_1000391	21	3	3	0	5	1	34375979_EFO_1000391_GCST90269790_EFO_1000391	21	26	3	4	0.14285714285714285	0.2
370	0	7	19	34375979_EFO_1000831	GCST005010_EFO_1000831	EFO_1000831	7	0	0	0	19	0	34375979_EFO_1000831_GCST005010_EFO_1000831	7	26	0	0	0.0	0.0
130	4	15	6	36809768_EFO_0022241	GCST90269722_EFO_0022241	EFO_0022241	15	10	11	2	6	3	36809768_EFO_0022241_GCST90269722_EFO_0022241	19	25	15	18	0.7333333333333333	0.5
279	0	22	3	34375979_EFO_0000729	GCST90454275_EFO_0000729	EFO_0000729	22	4	6	1	3	1	34375979_EFO_0000729_GCST90454275_EFO_0000729	22	25	6	7	0.2727272727272727	0.3333333333333333
310	0	14	11	34375979_EFO_0001378	GCST012396_EFO_0001378	EFO_0001378	14	2	3	1	11	2	34375979_EFO_0001378_GCST012396_EFO_0001378	14	25	3	5	0.21428571428571427	0.18181818181818182
327	0	22	3	34375979_EFO_0005531	GCST90104038_EFO_0005531	EFO_0005531	22	4	4	0	3	1	34375979_EFO_0005531_GCST90104038_EFO_0005531	22	25	4	5	0.18181818181818182	0.3333333333333333
338	0	18	7	34375979_EFO_0007490	GCST90018922_EFO_0007490	EFO_0007490	18	3	3	2	7	2	34375979_EFO_0007490_GCST90018922_EFO_0007490	18	25	3	5	0.16666666666666666	0.2857142857142857
339	0	10	15	34375979_MONDO_0018076	GCST005006_MONDO_0018076	MONDO_0018076	10	2	2	1	15	1	34375979_MONDO_0018076_GCST005006_MONDO_0018076	10	25	2	3	0.2	0.06666666666666667
341	0	22	3	34375979_EFO_0009759	GCST007521_EFO_0009759	EFO_0009759	22	2	3	0	3	0	34375979_EFO_0009759_GCST007521_EFO_0009759	22	25	3	3	0.13636363636363635	0.0
2	11	1	12	36088354_EFO_0006925	GCST90019513_EFO_0006925	EFO_0006925	1	0	0	6	12	7	36088354_EFO_0006925_GCST90019513_EFO_0006925	12	24	11	18	0.0	0.5833333333333334
137	2	6	16	34662886_EFO_0004238	GCST90292536_EFO_0004238	EFO_0004238	6	6	6	10	16	10	34662886_EFO_0004238_GCST90292536_EFO_0004238	8	24	8	18	1.0	0.625
23	5	9	10	34662886_EFO_0004696	GCST90025958_EFO_0004696	EFO_0004696	9	1	2	4	10	5	34662886_EFO_0004696_GCST90025958_EFO_0004696	14	24	7	12	0.2222222222222222	0.5
246	0	13	11	34375979_EFO_0003819	GCST009269_EFO_0003819	EFO_0003819	13	1	2	1	11	2	34375979_EFO_0003819_GCST009269_EFO_0003819	13	24	2	4	0.15384615384615385	0.18181818181818182
321	0	15	9	34375979_EFO_0003931	GCST006423_EFO_0003931	EFO_0003931	15	1	2	2	9	2	34375979_EFO_0003931_GCST006423_EFO_0003931	15	24	2	4	0.13333333333333333	0.2222222222222222
274	0	17	7	34375979_MONDO_0024647	GCST90013719_MONDO_0024647	MONDO_0024647	17	1	2	0	7	0	34375979_MONDO_0024647_GCST90013719_MONDO_0024647	17	24	2	2	0.11764705882352941	0.0
192	2	9	12	31367044_EFO_0010119	GCST90301959_EFO_0010119	EFO_0010119	9	3	3	5	12	6	31367044_EFO_0010119_GCST90301959_EFO_0010119	11	23	5	11	0.3333333333333333	0.5
315	0	10	13	34375979_EFO_0007204	GCST004999_EFO_0007204	EFO_0007204	10	2	2	2	13	4	34375979_EFO_0007204_GCST004999_EFO_0007204	10	23	2	6	0.2	0.3076923076923077
362	0	18	5	34375979_EFO_1001178	GCST90010423_EFO_1001178	EFO_1001178	18	1	3	1	5	1	34375979_EFO_1001178_GCST90010423_EFO_1001178	18	23	3	4	0.16666666666666666	0.2
53	6	12	4	36809768_EFO_0022262	GCST90269554_EFO_0022262	EFO_0022262	12	7	8	1	4	1	36809768_EFO_0022262_GCST90269554_EFO_0022262	18	22	14	15	0.6666666666666666	0.25
184	1	16	5	34226706_EFO_0010968	GCST90448623_EFO_0010968	EFO_0010968	16	8	8	3	5	3	34226706_EFO_0010968_GCST90448623_EFO_0010968	17	22	9	12	0.5	0.6
188	1	17	4	34375979_EFO_0000407	GCST011210_EFO_0000407	EFO_0000407	17	4	6	2	4	3	34375979_EFO_0000407_GCST011210_EFO_0000407	18	22	7	10	0.35294117647058826	0.75
228	0	9	13	34375979_EFO_0004269	GCST90013707_EFO_0004269	EFO_0004269	4	4	3	3	13	3	34375979_EFO_0004269_GCST90013707_EFO_0004269	9	22	3	6	0.3333333333333333	0.23076923076923078
238	0	8	14	34375979_EFO_0002609	GCST90239777_EFO_0002609	EFO_0002609	8	2	3	2	14	3	34375979_EFO_0002609_GCST90239777_EFO_0002609	8	22	3	6	0.375	0.21428571428571427
303	0	9	13	34375979_EFO_0005917	GCST90271609_EFO_0005917	EFO_0005917	9	2	2	3	13	3	34375979_EFO_0005917_GCST90271609_EFO_0005917	9	22	2	5	0.2222222222222222	0.23076923076923078
302	0	16	6	34375979_EFO_0006788	GCST002696_EFO_0006788	EFO_0006788	16	2	3	0	6	1	34375979_EFO_0006788_GCST002696_EFO_0006788	16	22	3	4	0.1875	0.16666666666666666
353	0	19	3	34375979_EFO_0003877	GCST90267361_EFO_0003877	EFO_0003877	19	2	3	0	3	1	34375979_EFO_0003877_GCST90267361_EFO_0003877	19	22	3	4	0.15789473684210525	0.3333333333333333
352	0	13	9	34375979_EFO_0003762	GCST90020244_EFO_0003762	EFO_0003762	13	1	1	0	9	0	34375979_EFO_0003762_GCST90020244_EFO_0003762	13	22	1	1	0.07692307692307693	0.0
1	7	5	9	34662886_EFO_0005091	GCST90025950_EFO_0005091	EFO_0005091	5	3	3	5	9	5	34662886_EFO_0005091_GCST90025950_EFO_0005091	12	21	10	15	0.6	0.5555555555555556
216	0	6	15	34662886_EFO_0006941	GCST005829_EFO_0006941	EFO_0006941	6	2	3	6	15	6	34662886_EFO_0006941_GCST005829_EFO_0006941	6	21	3	9	0.5	0.4
241	0	15	6	34375979_MONDO_0005129	GCST90137960_MONDO_0005129	MONDO_0005129	15	3	4	0	6	1	34375979_MONDO_0005129_GCST90137960_MONDO_0005129	15	21	4	5	0.26666666666666666	0.16666666666666666
318	0	18	3	34375979_EFO_0003875	GCST90086137_EFO_0003875	EFO_0003875	18	2	3	0	3	0	34375979_EFO_0003875_GCST90086137_EFO_0003875	18	21	3	3	0.16666666666666666	0.0
171	0	3	17	31367044_EFO_0009765	GCST90301943_EFO_0009765	EFO_0009765	3	3	3	8	17	11	31367044_EFO_0009765_GCST90301943_EFO_0009765	3	20	3	14	1.0	0.6470588235294118
98	4	10	6	36809768_EFO_0022305	GCST90269552_EFO_0022305	EFO_0022305	10	4	4	3	6	3	36809768_EFO_0022305_GCST90269552_EFO_0022305	14	20	8	11	0.4	0.5
180	1	2	17	36280733_OBA_2045260	GCST90025964_OBA_2045260	OBA_2045260	2	1	1	8	17	9	36280733_OBA_2045260_GCST90025964_OBA_2045260	3	20	2	11	0.5	0.5294117647058824
270	1	6	13	34375979_EFO_0000707	GCST008872_EFO_0000707	EFO_0000707	6	0	1	1	13	2	34375979_EFO_0000707_GCST008872_EFO_0000707	7	20	2	4	0.16666666666666666	0.15384615384615385
333	0	15	5	34375979_EFO_0000464	GCST90027902_EFO_0000464	EFO_0000464	15	2	2	0	5	0	34375979_EFO_0000464_GCST90027902_EFO_0000464	15	20	2	2	0.13333333333333333	0.0
367	0	5	15	34375979_EFO_0007326	GCST005002_EFO_0007326	EFO_0007326	5	0	0	0	15	0	34375979_EFO_0007326_GCST005002_EFO_0007326	5	20	0	0	0.0	0.0
10	6	10	3	34662886_EFO_0004833	GCST90025977_EFO_0004833	EFO_0004833	10	7	8	2	3	2	34662886_EFO_0004833_GCST90025977_EFO_0004833	16	19	14	16	0.8	0.6666666666666666
266	1	6	12	34662886_EFO_0004289	GCST90011814_EFO_0004289	EFO_0004289	6	1	2	3	12	4	34662886_EFO_0004289_GCST90011814_EFO_0004289	7	19	3	7	0.3333333333333333	0.3333333333333333
269	0	15	4	34375979_EFO_0009189	GCST90018860_EFO_0009189	EFO_0009189	15	4	4	3	4	3	34375979_EFO_0009189_GCST90018860_EFO_0009189	15	19	4	7	0.26666666666666666	0.75
210	0	13	6	34375979_EFO_0003770	GCST007292_EFO_0003770	EFO_0003770	13	3	3	1	6	2	34375979_EFO_0003770_GCST007292_EFO_0003770	13	19	3	5	0.23076923076923078	0.3333333333333333
354	0	14	5	34375979_EFO_0000198	GCST009516_EFO_0000198	EFO_0000198	14	0	1	0	5	0	34375979_EFO_0000198_GCST009516_EFO_0000198	14	19	1	1	0.07142857142857142	0.0
360	0	4	15	34375979_EFO_1001160	GCST005018_EFO_1001160	EFO_1001160	4	0	0	0	15	0	34375979_EFO_1001160_GCST005018_EFO_1001160	4	19	0	0	0.0	0.0
9	6	8	4	34662886_EFO_0004842	GCST90025987_EFO_0004842	EFO_0004842	8	6	6	2	4	3	34662886_EFO_0004842_GCST90025987_EFO_0004842	14	18	12	15	0.75	0.75
255	0	15	3	34662886_EFO_0007777	GCST009129_EFO_0007777	EFO_0007777	15	6	8	2	3	3	34662886_EFO_0007777_GCST009129_EFO_0007777	15	18	8	11	0.5333333333333333	1.0
253	0	15	3	34375979_EFO_0003948	GCST011503_EFO_0003948	EFO_0003948	15	6	8	0	3	1	34375979_EFO_0003948_GCST011503_EFO_0003948	15	18	8	9	0.5333333333333333	0.3333333333333333
0	6	2	10	34375979_EFO_0004533	GCST90025947_EFO_0004533	EFO_0004533	2	1	1	0	10	1	34375979_EFO_0004533_GCST90025947_EFO_0004533	8	18	7	8	0.5	0.1
305	0	11	7	34375979_EFO_0003827	GCST90278093_EFO_0003827	EFO_0003827	11	1	2	1	7	3	34375979_EFO_0003827_GCST90278093_EFO_0003827	11	18	2	5	0.18181818181818182	0.42857142857142855
256	0	14	4	34375979_EFO_0009959	GCST008257_EFO_0009959	EFO_0009959	14	1	3	1	4	1	34375979_EFO_0009959_GCST008257_EFO_0009959	14	18	3	4	0.21428571428571427	0.25
296	0	8	10	34375979_HP_0002619	GCST007225_HP_0002619	HP_0002619	8	1	3	1	10	1	34375979_HP_0002619_GCST007225_HP_0002619	8	18	3	4	0.375	0.1
298	0	15	3	34375979_EFO_0006927	GCST009734_EFO_0006927	EFO_0006927	15	1	3	1	3	1	34375979_EFO_0006927_GCST009734_EFO_0006927	15	18	3	4	0.2	0.3333333333333333
350	0	15	3	34375979_EFO_0001422	GCST90018826_EFO_0001422	EFO_0001422	15	4	4	0	3	0	34375979_EFO_0001422_GCST90018826_EFO_0001422	15	18	4	4	0.26666666666666666	0.0
314	0	10	8	34375979_MONDO_0002009	GCST90085695_MONDO_0002009	MONDO_0002009	10	1	1	0	8	2	34375979_MONDO_0002009_GCST90085695_MONDO_0002009	10	18	1	3	0.1	0.25
359	0	15	3	34375979_EFO_1000726	GCST90435153_EFO_1000726	EFO_1000726	15	1	1	0	3	0	34375979_EFO_1000726_GCST90435153_EFO_1000726	15	18	1	1	0.06666666666666667	0.0
369	0	5	13	34375979_EFO_0004234	GCST006956_EFO_0004234	EFO_0004234	5	0	0	0	13	0	34375979_EFO_0004234_GCST006956_EFO_0004234	5	18	0	0	0.0	0.0
8	5	9	3	36280733_EFO_0004574	GCST90025953_EFO_0004574	EFO_0004574	9	7	7	2	3	2	36280733_EFO_0004574_GCST90025953_EFO_0004574	14	17	12	14	0.7777777777777778	0.6666666666666666
212	0	9	8	26736064_EFO_0000341	GCST90399695_EFO_0000341	EFO_0000341	9	4	5	4	8	4	26736064_EFO_0000341_GCST90399695_EFO_0000341	9	17	5	9	0.5555555555555556	0.5
4	3	2	12	36088354_EFO_0004531	GCST90025965_EFO_0004531	EFO_0004531	2	1	2	3	12	3	36088354_EFO_0004531_GCST90025965_EFO_0004531	5	17	5	8	1.0	0.25
206	0	10	7	34375979_EFO_0001075	GCST004415_EFO_0001075	EFO_0001075	10	4	5	2	7	3	34375979_EFO_0001075_GCST004415_EFO_0001075	10	17	5	8	0.5	0.42857142857142855
293	0	14	3	34375979_EFO_0010822	GCST90104907_EFO_0010822	EFO_0010822	14	3	4	0	3	1	34375979_EFO_0010822_GCST90104907_EFO_0010822	14	17	4	5	0.2857142857142857	0.3333333333333333
299	0	7	10	34375979_EFO_0004994	GCST001687_EFO_0004994	EFO_0004994	7	1	2	1	10	2	34375979_EFO_0004994_GCST001687_EFO_0004994	7	17	2	4	0.2857142857142857	0.2
313	0	14	3	34375979_EFO_1001513	GCST90018638_EFO_1001513	EFO_1001513	14	2	4	0	3	0	34375979_EFO_1001513_GCST90018638_EFO_1001513	14	17	4	4	0.2857142857142857	0.0
358	0	6	11	34375979_MONDO_0004867	GCST90269783_MONDO_0004867	MONDO_0004867	6	0	0	1	11	2	34375979_MONDO_0004867_GCST90269783_MONDO_0004867	6	17	0	2	0.0	0.18181818181818182
101	1	4	11	34226706_EFO_0004468	GCST90092819_EFO_0004468	EFO_0004468	4	2	3	7	11	7	34226706_EFO_0004468_GCST90092819_EFO_0004468	5	16	4	11	0.75	0.6363636363636364
197	0	4	12	28195573_MONDO_0004985	GCST011102_MONDO_0004985	MONDO_0004985	4	1	1	3	12	4	28195573_MONDO_0004985_GCST011102_MONDO_0004985	4	16	1	5	0.25	0.3333333333333333
163	0	4	12	34375979_EFO_0005854	GCST009719_EFO_0005854	EFO_0005854	4	1	1	2	12	3	34375979_EFO_0005854_GCST009719_EFO_0005854	4	16	1	4	0.25	0.25
292	0	5	11	34375979_EFO_0009130	GCST012277_EFO_0009130	EFO_0009130	5	1	1	3	11	3	34375979_EFO_0009130_GCST012277_EFO_0009130	5	16	1	4	0.2	0.2727272727272727
357	0	12	4	34375979_EFO_0000280	GCST003738_EFO_0000280	EFO_0000280	12	1	3	1	4	1	34375979_EFO_0000280_GCST003738_EFO_0000280	12	16	3	4	0.25	0.25
252	0	9	7	34375979_EFO_0000712	GCST006906_EFO_0000712	EFO_0000712	3	2	0	3	7	3	34375979_EFO_0000712_GCST006906_EFO_0000712	9	16	0	3	0.0	0.42857142857142855
263	0	12	4	34375979_EFO_0000284	GCST008169_EFO_0000284	EFO_0000284	12	2	2	0	4	1	34375979_EFO_0000284_GCST008169_EFO_0000284	12	16	2	3	0.16666666666666666	0.25
332	0	10	6	34244158_MONDO_0002108	GCST004144_MONDO_0002108	MONDO_0002108	10	1	2	0	6	1	34244158_MONDO_0002108_GCST004144_MONDO_0002108	10	16	2	3	0.2	0.16666666666666666
365	0	10	6	34375979_EFO_0004262	GCST000320_EFO_0004262	EFO_0004262	10	0	0	0	6	0	34375979_EFO_0004262_GCST000320_EFO_0004262	10	16	0	0	0.0	0.0
372	0	10	6	34375979_EFO_0000783	GCST90270216_EFO_0000783	EFO_0000783	10	0	0	0	6	0	34375979_EFO_0000783_GCST90270216_EFO_0000783	10	16	0	0	0.0	0.0
240	0	8	7	34375979_EFO_0000668	GCST90271316_EFO_0000668	EFO_0000668	8	3	3	3	7	3	34375979_EFO_0000668_GCST90271316_EFO_0000668	8	15	3	6	0.375	0.42857142857142855
325	0	12	3	34375979_EFO_0005952	GCST90011819_EFO_0005952	EFO_0005952	12	2	5	1	3	1	34375979_EFO_0005952_GCST90011819_EFO_0005952	12	15	5	6	0.4166666666666667	0.3333333333333333
211	0	7	8	34375979_EFO_0000538	GCST011205_EFO_0000538	EFO_0000538	7	2	2	2	8	3	34375979_EFO_0000538_GCST011205_EFO_0000538	7	15	2	5	0.2857142857142857	0.375
271	0	11	4	34375979_HP_0002321	GCST90432100_HP_0002321	HP_0002321	11	2	3	0	4	0	34375979_HP_0002321_GCST90432100_HP_0002321	11	15	3	3	0.2727272727272727	0.0
27	1	2	11	31367044_EFO_0009767	GCST90301967_EFO_0009767	EFO_0009767	2	1	1	5	11	6	31367044_EFO_0009767_GCST90301967_EFO_0009767	3	14	2	8	0.5	0.5454545454545454
202	0	6	8	34375979_MONDO_0005301	GCST000424_MONDO_0005301	MONDO_0005301	6	2	2	5	8	5	34375979_MONDO_0005301_GCST000424_MONDO_0005301	6	14	2	7	0.3333333333333333	0.625
284	0	11	3	34375979_HP_0003418	GCST007152_HP_0003418	HP_0003418	11	3	5	2	3	2	34375979_HP_0003418_GCST007152_HP_0003418	11	14	5	7	0.45454545454545453	0.6666666666666666
272	0	5	9	31367044_EFO_0010117	GCST90269569_EFO_0010117	EFO_0010117	5	2	2	3	9	3	31367044_EFO_0010117_GCST90269569_EFO_0010117	5	14	2	5	0.4	0.3333333333333333
304	0	8	6	34375979_EFO_1000764	GCST005655_EFO_1000764	EFO_1000764	8	0	2	0	6	3	34375979_EFO_1000764_GCST005655_EFO_1000764	8	14	2	5	0.25	0.5
283	0	10	4	34375979_MONDO_0005147	GCST90018925_MONDO_0005147	MONDO_0005147	10	3	3	1	4	1	34375979_MONDO_0005147_GCST90018925_MONDO_0005147	10	14	3	4	0.3	0.25
308	0	10	4	34375979_EFO_1000049	GCST90275073_EFO_1000049	EFO_1000049	10	3	4	0	4	0	34375979_EFO_1000049_GCST90275073_EFO_1000049	10	14	4	4	0.4	0.0
317	0	10	4	34375979_EFO_0007429	GCST90269781_EFO_0007429	EFO_0007429	10	1	2	0	4	1	34375979_EFO_0007429_GCST90269781_EFO_0007429	10	14	2	3	0.2	0.25
286	0	4	10	34375979_EFO_1000802	GCST011639_EFO_1000802	EFO_1000802	4	0	0	1	10	1	34375979_EFO_1000802_GCST011639_EFO_1000802	4	14	0	1	0.0	0.1
371	0	10	4	34375979_EFO_0003839	GCST001854_EFO_0003839	EFO_0003839	10	1	1	0	4	0	34375979_EFO_0003839_GCST001854_EFO_0003839	10	14	1	1	0.1	0.0
366	0	7	7	34375979_EFO_0004283	GCST90018853_EFO_0004283	EFO_0004283	7	0	0	0	7	0	34375979_EFO_0004283_GCST90018853_EFO_0004283	7	14	0	0	0.0	0.0
87	1	5	7	37262146_EFO_0003882	GCST90018887_EFO_0003882	EFO_0003882	5	4	4	6	7	7	37262146_EFO_0003882_GCST90018887_EFO_0003882	6	13	5	12	0.8	1.0
156	0	3	10	34375979_EFO_0004312	GCST90278629_EFO_0004312	EFO_0004312	3	3	3	7	10	8	34375979_EFO_0004312_GCST90278629_EFO_0004312	3	13	3	11	1.0	0.8
18	5	4	4	34375979_EFO_0004615	GCST90025952_EFO_0004615	EFO_0004615	4	1	1	3	4	4	34375979_EFO_0004615_GCST90025952_EFO_0004615	9	13	6	10	0.25	1.0
195	0	4	9	34662886_EFO_0000095	GCST002073_EFO_0000095	EFO_0000095	4	2	2	5	9	7	34662886_EFO_0000095_GCST002073_EFO_0000095	4	13	2	9	0.5	0.7777777777777778
138	1	4	8	36138231_EFO_0004251	GCST90000032_EFO_0004251	EFO_0004251	4	2	2	4	8	5	36138231_EFO_0004251_GCST90000032_EFO_0004251	5	13	3	8	0.5	0.625
168	1	5	7	24212883_EFO_0000676	GCST004346_EFO_0000676	EFO_0000676	5	3	3	3	7	4	24212883_EFO_0000676_GCST004346_EFO_0000676	6	13	4	8	0.6	0.5714285714285714
203	1	8	4	34375979_EFO_0004244	GCST90018863_EFO_0004244	EFO_0004244	8	3	4	0	4	1	34375979_EFO_0004244_GCST90018863_EFO_0004244	9	13	5	6	0.5	0.25
232	0	8	5	34375979_MONDO_0002974	GCST90011816_MONDO_0002974	MONDO_0002974	8	4	4	2	5	2	34375979_MONDO_0002974_GCST90011816_MONDO_0002974	8	13	4	6	0.5	0.4
199	0	10	3	34375979_EFO_0005773	GCST009958_EFO_0005773	EFO_0005773	10	3	4	1	3	1	34375979_EFO_0005773_GCST009958_EFO_0005773	10	13	4	5	0.4	0.3333333333333333
190	0	9	4	34375979_EFO_0004210	GCST003725_EFO_0004210	EFO_0004210	9	2	2	2	4	2	34375979_EFO_0004210_GCST003725_EFO_0004210	9	13	2	4	0.2222222222222222	0.5
230	0	9	4	34375979_HP_0000483	GCST007158_HP_0000483	HP_0000483	9	3	4	0	4	0	34375979_HP_0000483_GCST007158_HP_0000483	9	13	4	4	0.4444444444444444	0.0
273	0	7	6	34375979_MONDO_0021108	GCST90276150_MONDO_0021108	MONDO_0021108	7	1	1	1	6	1	34375979_MONDO_0021108_GCST90276150_MONDO_0021108	7	13	1	2	0.14285714285714285	0.16666666666666666
291	0	5	8	34375979_EFO_0003106	GCST90027159_EFO_0003106	EFO_0003106	5	0	0	1	8	1	34375979_EFO_0003106_GCST90027159_EFO_0003106	5	13	0	1	0.0	0.125
47	2	3	7	34662886_EFO_0009270	GCST90025982_EFO_0009270	EFO_0009270	3	3	3	4	7	4	34662886_EFO_0009270_GCST90025982_EFO_0009270	5	12	5	9	1.0	0.5714285714285714
39	2	6	4	34662886_EFO_0004536	GCST90448632_EFO_0004536	EFO_0004536	6	3	3	1	4	1	34662886_EFO_0004536_GCST90448632_EFO_0004536	8	12	5	6	0.5	0.25
307	0	3	9	31367044_EFO_0005058	GCST90302120_EFO_0005058	EFO_0005058	3	1	1	3	9	4	31367044_EFO_0005058_GCST90302120_EFO_0005058	3	12	1	5	0.3333333333333333	0.4444444444444444
324	0	9	3	34375979_EFO_1000910	GCST90246357_EFO_1000910	EFO_1000910	9	2	4	1	3	1	34375979_EFO_1000910_GCST90246357_EFO_1000910	9	12	4	5	0.4444444444444444	0.3333333333333333
364	0	8	4	34375979_EFO_0000096	GCST002643_EFO_0000096	EFO_0000096	8	3	3	0	4	1	34375979_EFO_0000096_GCST002643_EFO_0000096	8	12	3	4	0.375	0.25
311	0	5	7	34375979_EFO_0004992	GCST90090962_EFO_0004992	EFO_0004992	5	1	1	1	7	2	34375979_EFO_0004992_GCST90090962_EFO_0004992	5	12	1	3	0.2	0.2857142857142857
355	0	9	3	34375979_EFO_1000941	GCST90000513_EFO_1000941	EFO_1000941	9	2	3	0	3	0	34375979_EFO_1000941_GCST90000513_EFO_1000941	9	12	3	3	0.3333333333333333	0.0
220	0	7	5	28900119_EFO_0001065	GCST90018839_EFO_0001065	EFO_0001065	7	1	1	1	5	1	28900119_EFO_0001065_GCST90018839_EFO_0001065	7	12	1	2	0.14285714285714285	0.2
278	0	9	3	34375979_EFO_0000274	GCST90013680_EFO_0000274	EFO_0000274	9	2	2	0	3	0	34375979_EFO_0000274_GCST90013680_EFO_0000274	9	12	2	2	0.2222222222222222	0.0
312	0	9	3	34375979_EFO_0005240	GCST001966_EFO_0005240	EFO_0005240	9	1	1	0	3	1	34375979_EFO_0005240_GCST001966_EFO_0005240	9	12	1	2	0.1111111111111111	0.3333333333333333
260	0	5	7	34375979_EFO_0003778	GCST003270_EFO_0003778	EFO_0003778	5	0	0	0	7	1	34375979_EFO_0003778_GCST003270_EFO_0003778	5	12	0	1	0.0	0.14285714285714285
363	0	8	4	34375979_EFO_0006803	GCST90271348_EFO_0006803	EFO_0006803	8	0	1	0	4	0	34375979_EFO_0006803_GCST90271348_EFO_0006803	8	12	1	1	0.125	0.0
16	4	0	7	34662886_EFO_0004458	GCST90025959_EFO_0004458	EFO_0004458	0	0	0	5	7	6	34662886_EFO_0004458_GCST90025959_EFO_0004458	4	11	4	10		0.8571428571428571
231	0	7	4	34375979_EFO_1001494	GCST90018907_EFO_1001494	EFO_1001494	7	2	3	2	4	2	34375979_EFO_1001494_GCST90018907_EFO_1001494	7	11	3	5	0.42857142857142855	0.5
265	0	6	5	34375979_EFO_0004208	GCST90455548_EFO_0004208	EFO_0004208	6	2	2	2	5	2	34375979_EFO_0004208_GCST90455548_EFO_0004208	6	11	2	4	0.3333333333333333	0.4
248	0	7	4	34244158_MONDO_0008903	GCST90018875_MONDO_0008903	MONDO_0008903	7	1	1	1	4	2	34244158_MONDO_0008903_GCST90018875_MONDO_0008903	7	11	1	3	0.14285714285714285	0.5
330	0	8	3	34375979_EFO_0000681	GCST000907_EFO_0000681	EFO_0000681	8	2	3	0	3	0	34375979_EFO_0000681_GCST000907_EFO_0000681	8	11	3	3	0.375	0.0
316	0	6	5	34375979_EFO_1001864	GCST90018937_EFO_1001864	EFO_1001864	6	0	1	0	5	1	34375979_EFO_1001864_GCST90018937_EFO_1001864	6	11	1	2	0.16666666666666666	0.2
37	1	6	3	36564505_EFO_0004530	GCST90101748_EFO_0004530	EFO_0004530	6	5	5	3	3	3	36564505_EFO_0004530_GCST90101748_EFO_0004530	7	10	6	9	0.8333333333333334	1.0
169	1	2	7	34375979_EFO_0002496	GCST90095184_EFO_0002496	EFO_0002496	2	1	2	5	7	5	34375979_EFO_0002496_GCST90095184_EFO_0002496	3	10	3	8	1.0	0.7142857142857143
164	0	7	3	34375979_EFO_0004197	GCST001150_EFO_0004197	EFO_0004197	7	3	3	3	3	3	34375979_EFO_0004197_GCST001150_EFO_0004197	7	10	3	6	0.42857142857142855	1.0
209	0	7	3	34375979_EFO_0004242	GCST90277983_EFO_0004242	EFO_0004242	7	2	3	1	3	1	34375979_EFO_0004242_GCST90277983_EFO_0004242	7	10	3	4	0.42857142857142855	0.3333333333333333
162	1	7	2	34662886_EFO_0004838	GCST90448602_EFO_0004838	EFO_0004838	7	1	2	0	2	0	34662886_EFO_0004838_GCST90448602_EFO_0004838	8	10	3	3	0.2857142857142857	0.0
280	0	5	5	34375979_MONDO_0001823	GCST90225551_MONDO_0001823	MONDO_0001823	5	2	2	1	5	1	34375979_MONDO_0001823_GCST90225551_MONDO_0001823	5	10	2	3	0.4	0.2
295	0	7	3	34375979_EFO_0004192	GCST90428476_EFO_0004192	EFO_0004192	7	1	1	0	3	2	34375979_EFO_0004192_GCST90428476_EFO_0004192	7	10	1	3	0.14285714285714285	0.6666666666666666
342	0	5	5	34375979_EFO_0004261	GCST001086_EFO_0004261	EFO_0004261	5	1	1	1	5	2	34375979_EFO_0004261_GCST001086_EFO_0004261	5	10	1	3	0.2	0.4
257	0	5	5	34375979_MONDO_0004986	GCST002243_MONDO_0004986	MONDO_0004986	5	1	1	0	5	0	34375979_MONDO_0004986_GCST002243_MONDO_0004986	5	10	1	1	0.2	0.0
331	0	7	3	34375979_EFO_0003843	GCST90281295_EFO_0003843	EFO_0003843	7	1	1	0	3	0	34375979_EFO_0003843_GCST90281295_EFO_0003843	7	10	1	1	0.14285714285714285	0.0
368	0	4	6	34662886_EFO_0010967	GCST90239630_EFO_0010967	EFO_0010967	4	0	0	0	6	0	34662886_EFO_0010967_GCST90239630_EFO_0010967	4	10	0	0	0.0	0.0
159	2	4	3	31367044_EFO_0004502	GCST002233_EFO_0004502	EFO_0004502	4	1	1	1	3	1	31367044_EFO_0004502_GCST002233_EFO_0004502	6	9	3	4	0.25	0.3333333333333333
224	0	4	5	34131117_GO_0070527	GCST000693_GO_0070527	GO_0070527	4	1	1	2	5	3	34131117_GO_0070527_GCST000693_GO_0070527	4	9	1	4	0.25	0.6
250	0	6	3	34375979_EFO_0005938	GCST004719_EFO_0005938	EFO_0005938	6	0	1	0	3	1	34375979_EFO_0005938_GCST004719_EFO_0005938	6	9	1	2	0.16666666666666666	0.3333333333333333
322	0	6	3	34375979_EFO_0000403	GCST002636_EFO_0000403	EFO_0000403	6	1	1	1	3	1	34375979_EFO_0000403_GCST002636_EFO_0000403	6	9	1	2	0.16666666666666666	0.3333333333333333
282	0	6	3	34375979_EFO_0004593	GCST90095480_EFO_0004593	EFO_0004593	0	1	0	0	3	1	34375979_EFO_0004593_GCST90095480_EFO_0004593	6	9	0	1	0.0	0.3333333333333333
334	0	5	4	34375979_EFO_0003898	GCST001149_EFO_0003898	EFO_0003898	5	0	1	0	4	0	34375979_EFO_0003898_GCST001149_EFO_0003898	5	9	1	1	0.2	0.0
356	0	6	3	34375979_EFO_0004191	GCST90257014_EFO_0004191	EFO_0004191	6	1	1	0	3	0	34375979_EFO_0004191_GCST90257014_EFO_0004191	6	9	1	1	0.16666666666666666	0.0
361	0	6	3	34375979_HP_0000093	GCST90250893_HP_0000093	HP_0000093	6	0	0	0	3	0	34375979_HP_0000093_GCST90250893_HP_0000093	6	9	0	0	0.0	0.0
251	0	4	4	34375979_EFO_0004263	GCST000691_EFO_0004263	EFO_0004263	4	2	2	1	4	1	34375979_EFO_0004263_GCST000691_EFO_0004263	4	8	2	3	0.5	0.25
262	0	5	3	34375979_MONDO_0007915	GCST90100586_MONDO_0007915	MONDO_0007915	5	1	1	1	3	2	34375979_MONDO_0007915_GCST90100586_MONDO_0007915	5	8	1	3	0.2	0.6666666666666666
323	0	5	3	34375979_EFO_1000786	GCST002155_EFO_1000786	EFO_1000786	5	1	2	0	3	1	34375979_EFO_1000786_GCST002155_EFO_1000786	5	8	2	3	0.4	0.3333333333333333
326	0	3	5	34375979_HP_0001634	GCST90096803_HP_0001634	HP_0001634	3	0	1	0	5	1	34375979_HP_0001634_GCST90096803_HP_0001634	3	8	1	2	0.3333333333333333	0.2
309	0	4	4	34375979_EFO_1000657	GCST90162555_EFO_1000657	EFO_1000657	4	0	0	1	4	1	34375979_EFO_1000657_GCST90162555_EFO_1000657	4	8	0	1	0.0	0.25
132	1	3	3	34375979_EFO_0004713	GCST90025978_EFO_0004713	EFO_0004713	3	2	3	1	3	1	34375979_EFO_0004713_GCST90025978_EFO_0004713	4	7	4	5	1.0	0.3333333333333333
165	0	4	3	34226706_EFO_0005090	GCST90025997_EFO_0005090	EFO_0005090	4	2	2	3	3	3	34226706_EFO_0005090_GCST90025997_EFO_0005090	4	7	2	5	0.5	1.0
52	2	4	1	34226706_EFO_0007788	GCST90025996_EFO_0007788	EFO_0007788	4	0	0	1	1	1	34226706_EFO_0007788_GCST90025996_EFO_0007788	6	7	2	3	0.0	1.0
254	0	3	4	34375979_HP_0012115	GCST90276149_HP_0012115	HP_0012115	3	1	2	0	4	1	34375979_HP_0012115_GCST90276149_HP_0012115	3	7	2	3	0.6666666666666666	0.25
193	0	4	3	34662886_EFO_0005089	GCST000891_EFO_0005089	EFO_0005089	4	1	1	1	3	1	34662886_EFO_0005089_GCST000891_EFO_0005089	4	7	1	2	0.25	0.3333333333333333
319	0	4	3	34375979_EFO_0009322	GCST008668_EFO_0009322	EFO_0009322	4	1	1	1	3	1	34375979_EFO_0009322_GCST008668_EFO_0009322	4	7	1	2	0.25	0.3333333333333333
306	0	4	3	34375979_HP_0012532	GCST012125_HP_0012532	HP_0012532	4	0	1	0	3	0	34375979_HP_0012532_GCST012125_HP_0012532	4	7	1	1	0.25	0.0
345	0	3	4	34375979_EFO_0000699	GCST004061_EFO_0000699	EFO_0000699	3	1	1	0	4	0	34375979_EFO_0000699_GCST004061_EFO_0000699	3	7	1	1	0.3333333333333333	0.0
7	1	2	3	34375979_EFO_0010067	GCST008276_EFO_0010067	EFO_0010067	2	2	2	2	3	2	34375979_EFO_0010067_GCST008276_EFO_0010067	3	6	3	5	1.0	0.6666666666666666
11	1	2	3	31367044_EFO_0005001	GCST90010736_EFO_0005001	EFO_0005001	2	1	1	2	3	2	31367044_EFO_0005001_GCST90010736_EFO_0005001	3	6	2	4	0.5	0.6666666666666666
68	1	2	3	36088354_EFO_0004631	GCST90025967_EFO_0004631	EFO_0004631	2	2	2	1	3	1	36088354_EFO_0004631_GCST90025967_EFO_0004631	3	6	3	4	1.0	0.3333333333333333
153	1	3	2	34662886_EFO_0007778	GCST007718_EFO_0007778	EFO_0007778	3	3	3	0	2	0	34662886_EFO_0007778_GCST007718_EFO_0007778	4	6	4	4	1.0	0.0
268	0	3	3	34375979_EFO_1000860	GCST90134619_EFO_1000860	EFO_1000860	3	0	0	0	3	0	34375979_EFO_1000860_GCST90134619_EFO_1000860	3	6	0	0	0.0	0.0
